{
  "mu_bear": -0.01,
  "sigma_base": 0.005368804786403001,
  "lambda_jump": 0.018528135717352276,
  "omega": 1.44120324172519e-06
}